<?xml version="1.0" encoding="UTF-8"?>
<!DOCTYPE JposEntries PUBLIC "-//JavaPOS//DTD//EN"
                             "jpos/res/jcl.dtd">
<JposEntries>
<!--Saved by JavaPOS jpos.config/loader (JCL) version 2.2.0 on 17/10/23 19:12-->
    
    <JposEntry logicalName="TM-P80II_MltFont-USB">
        <creation factoryClass="jp.co.epson.uposcommon.creator.EpsonJposServiceInstanceFactory" serviceClass="jp.co.epson.upos.generic.pntr.P80IIService"/>
        <vendor name="SEIKO EPSON" url="http://www.epson.com"/>
        <jpos category="POSPrinter" version="1.14"/>
        <product description="EPSON TM-P80II_MltFont Printer Device Service" name="EPSON Services for JavaPOS(TM) Standard" url="http://www.epson.com"/>

        <!--Other non JavaPOS required property (mostly vendor properties and bus specific properties i.e. RS232 )-->
        <prop name="ConfigurationFile" type="String" value="epson/xml/Setting/TM-P80II_MltFontSetting.xml"/>
        <prop name="PhysicalDevice" type="String" value="TM-P80II_MltFont"/>
        <prop name="PortName" type="String" value="TM-P80II"/>
        <prop name="PortType" type="String" value="2"/>
        <prop name="PortNameType" type="String" value="0"/>
        <prop name="epson.tracing" type="String" value="false"/>
        <prop name="UsePCS" type="String" value="false"/>
</JposEntry>
    
    
    <JposEntry logicalName="TM-P80II_MltFont-WIFI">
        <creation factoryClass="jp.co.epson.uposcommon.creator.EpsonJposServiceInstanceFactory" serviceClass="jp.co.epson.upos.generic.pntr.P80IIService"/>
        <vendor name="SEIKO EPSON" url="http://www.epson.com"/>
        <jpos category="POSPrinter" version="1.14"/>
        <product description="EPSON TM-P80II_MltFont Printer Device Service" name="EPSON Services for JavaPOS(TM) Standard" url="http://www.epson.com"/>

        <!--Other non JavaPOS required property (mostly vendor properties and bus specific properties i.e. RS232 )-->
        <prop name="ConfigurationFile" type="String" value="epson/xml/Setting/TM-P80II_MltFontSetting.xml"/>
        <prop name="PhysicalDevice" type="String" value="TM-P80II_MltFont"/>
        <prop name="PortName" type="String" value="192.168.192.168"/>
        <prop name="PortType" type="String" value="5"/>
        <prop name="epson.tracing" type="String" value="false"/>
        <prop name="UsePCS" type="String" value="false"/>
</JposEntry>

</JposEntries>
