<?xml version="1.0" encoding="UTF-8"?>
<!DOCTYPE JposEntries PUBLIC "-//JavaPOS//DTD//EN"
                             "jpos/res/jcl.dtd">
<JposEntries>
<!--Saved by JavaPOS jpos.config/loader (JCL) version 2.2.0 on 17/10/23 19:12-->
    
    <JposEntry logicalName="TM-T88VI-Serial">
        <creation factoryClass="jp.co.epson.uposcommon.creator.EpsonJposServiceInstanceFactory" serviceClass="jp.co.epson.upos.T88VI.pntr.T88VIService"/>
        <vendor name="SEIKO EPSON" url="http://www.epson.com"/>
        <jpos category="POSPrinter" version="1.14"/>
        <product description="EPSON TM-T88VI Printer Device Service" name="EPSON Services for JavaPOS(TM) Standard" url="http://www.epson.com"/>

        <!--Other non JavaPOS required property (mostly vendor properties and bus specific properties i.e. RS232 )-->
        <prop name="ConfigurationFile" type="String" value="epson/xml/Setting/TM-T88VISetting.xml"/>
        <prop name="PhysicalDevice" type="String" value="TM-T88VI"/>
        <prop name="PortName" type="String" value="COM1"/>
        <prop name="PortType" type="String" value="0"/>
        <prop name="BaudRate" type="String" value="9600"/>
        <prop name="BitLength" type="String" value="8"/>
        <prop name="Parity" type="String" value="0"/>
        <prop name="StopBits" type="String" value="0"/>
        <prop name="FlowType" type="String" value="1"/>
        <prop name="epson.tracing" type="String" value="false"/>
        <prop name="UsePCS" type="String" value="false"/>
</JposEntry>
    
    
    <JposEntry logicalName="TM-T88VI-USB">
        <creation factoryClass="jp.co.epson.uposcommon.creator.EpsonJposServiceInstanceFactory" serviceClass="jp.co.epson.upos.T88VI.pntr.T88VIService"/>
        <vendor name="SEIKO EPSON" url="http://www.epson.com"/>
        <jpos category="POSPrinter" version="1.14"/>
        <product description="EPSON TM-T88VI Printer Device Service" name="EPSON Services for JavaPOS(TM) Standard" url="http://www.epson.com"/>

        <!--Other non JavaPOS required property (mostly vendor properties and bus specific properties i.e. RS232 )-->
        <prop name="ConfigurationFile" type="String" value="epson/xml/Setting/TM-T88VISetting.xml"/>
        <prop name="PhysicalDevice" type="String" value="TM-T88VI"/>
        <prop name="PortName" type="String" value="TM-T88VI"/>
        <prop name="PortType" type="String" value="2"/>
        <prop name="PortNameType" type="String" value="0"/>
        <prop name="epson.tracing" type="String" value="false"/>
        <prop name="UsePCS" type="String" value="false"/>
</JposEntry>
    
    
    <JposEntry logicalName="TM-T88VI-Ethernet">
        <creation factoryClass="jp.co.epson.uposcommon.creator.EpsonJposServiceInstanceFactory" serviceClass="jp.co.epson.upos.T88VI.pntr.T88VIService"/>
        <vendor name="SEIKO EPSON" url="http://www.epson.com"/>
        <jpos category="POSPrinter" version="1.14"/>
        <product description="EPSON TM-T88VI Printer Device Service" name="EPSON Services for JavaPOS(TM) Standard" url="http://www.epson.com"/>

        <!--Other non JavaPOS required property (mostly vendor properties and bus specific properties i.e. RS232 )-->
        <prop name="ConfigurationFile" type="String" value="epson/xml/Setting/TM-T88VISetting.xml"/>
        <prop name="PhysicalDevice" type="String" value="TM-T88VI"/>
        <prop name="PortName" type="String" value="192.168.192.168"/>
        <prop name="PortType" type="String" value="3"/>
        <prop name="epson.tracing" type="String" value="false"/>
        <prop name="UsePCS" type="String" value="false"/>
</JposEntry>
    
    
    <JposEntry logicalName="TM-T88VI-WIFI">
        <creation factoryClass="jp.co.epson.uposcommon.creator.EpsonJposServiceInstanceFactory" serviceClass="jp.co.epson.upos.T88VI.pntr.T88VIService"/>
        <vendor name="SEIKO EPSON" url="http://www.epson.com"/>
        <jpos category="POSPrinter" version="1.14"/>
        <product description="EPSON TM-T88VI Printer Device Service" name="EPSON Services for JavaPOS(TM) Standard" url="http://www.epson.com"/>

        <!--Other non JavaPOS required property (mostly vendor properties and bus specific properties i.e. RS232 )-->
        <prop name="ConfigurationFile" type="String" value="epson/xml/Setting/TM-T88VISetting.xml"/>
        <prop name="PhysicalDevice" type="String" value="TM-T88VI"/>
        <prop name="PortName" type="String" value="192.168.192.168"/>
        <prop name="PortType" type="String" value="5"/>
        <prop name="epson.tracing" type="String" value="false"/>
        <prop name="UsePCS" type="String" value="false"/>
</JposEntry>
    
</JposEntries>
